fecha,producto,categoria,unidades_vendidas,precio_unitario,ciudad
27/02/2025,pantalones,accesorios,5,191.86,Toledo
16/03/2025,sudadera,ropa,29,167.57,La Coruña
09/01/2025,pantalones,accesorios,2,298.69,Salamanca
05/02/2025,zapatillas deportivas,calzado,88,183.14,Alicante
18/01/2025,sudadera,ropa,62,263.41,Almería
01/02/2025,bolso,accesorios,21,254.93,Burgos
05/03/2025,reloj,accesorios,92,194.66,Oviedo
21/03/2025,reloj,accesorios,42,236.94,Granada
26/01/2025,sudadera,ropa,24,219.96,Burgos
13/03/2025,zapatillas casual,calzado,29,220.7,Almería
09/02/2025,pantalones,accesorios,77,118.94,Palma
11/02/2025,zapatillas casual,calzado,46,201.3,Murcia
02/03/2025,reloj,accesorios,99,102.33,Palma
27/02/2025,zapatillas deportivas,calzado,29,32.95,La Coruña
11/01/2025,sudadera,ropa,17,74.46,Vigo
02/03/2025,pantalones,accesorios,54,263.52,Córdoba
04/03/2025,zapatillas casual,calzado,73,185.57,Vigo
21/01/2025,sudadera,ropa,50,71.45,Málaga
25/02/2025,bolso,accesorios,56,160.4,Zaragoza
04/01/2025,bolso,accesorios,38,15.95,Palma
30/03/2025,bolso,accesorios,60,254.78,Murcia
14/01/2025,zapatillas deportivas,calzado,79,252.54,Vigo
14/02/2025,zapatillas deportivas,calzado,31,6.44,Sevilla
10/02/2025,sudadera,ropa,91,218.77,La Coruña
04/01/2025,sudadera,ropa,22,279.89,Málaga
29/03/2025,camiseta,ropa,4,42.07,Palma
23/01/2025,camiseta,ropa,13,110.95,La Coruña
10/02/2025,reloj,accesorios,31,27.91,Logroño
28/03/2025,sudadera,ropa,51,18.52,Vigo
29/01/2025,sudadera,ropa,17,49.76,Bilbao
20/02/2025,zapatillas casual,calzado,39,165.67,Málaga
02/02/2025,camiseta,ropa,42,207.14,Oviedo
07/02/2025,zapatillas deportivas,calzado,65,13.75,Salamanca
30/03/2025,camiseta,ropa,2,98.84,Málaga
15/01/2025,sudadera,ropa,42,263.92,Alicante
11/02/2025,sudadera,ropa,68,87.94,Santander
21/01/2025,camiseta,ropa,43,111.67,Almería
10/02/2025,sudadera,ropa,62,83.02,Granada
26/02/2025,pantalones,accesorios,4,174.67,Palma
12/02/2025,bolso,accesorios,17,161.01,Valladolid
25/01/2025,bolso,accesorios,74,121.54,Murcia
01/03/2025,reloj,accesorios,97,40.7,Pamplona
17/03/2025,zapatillas casual,calzado,74,13.09,Burgos
07/03/2025,bolso,accesorios,98,292.29,Bilbao
26/01/2025,zapatillas deportivas,calzado,99,80.11,Málaga
17/01/2025,zapatillas deportivas,calzado,25,234.52,Logroño
21/02/2025,reloj,accesorios,39,178.47,La Coruña
17/01/2025,reloj,accesorios,38,89.35,Burgos
01/02/2025,pantalones,accesorios,96,93.72,Zaragoza
13/03/2025,sudadera,ropa,87,9.6,Burgos
20/02/2025,camiseta,ropa,12,187.57,Madrid
08/03/2025,reloj,accesorios,67,38.41,Logroño
16/02/2025,reloj,accesorios,56,138.57,Oviedo
03/03/2025,camiseta,ropa,24,61.68,La Coruña
19/01/2025,sudadera,ropa,28,251.28,Salamanca
10/02/2025,zapatillas deportivas,calzado,22,60.74,Madrid
28/03/2025,reloj,accesorios,61,44.84,Madrid
30/01/2025,sudadera,ropa,63,92.6,Santander
23/02/2025,reloj,accesorios,18,26.29,Palma
24/01/2025,sudadera,ropa,44,256.9,Burgos
23/02/2025,sudadera,ropa,40,128.76,Barcelona
12/03/2025,zapatillas casual,calzado,3,293.44,San Sebastián
04/03/2025,camiseta,ropa,8,232.93,Sevilla
24/02/2025,bolso,accesorios,81,253.34,Almería
21/01/2025,bolso,accesorios,9,111.67,Málaga
18/03/2025,pantalones,accesorios,97,137.94,Madrid
08/02/2025,bolso,accesorios,43,39.79,Córdoba
04/03/2025,pantalones,accesorios,69,286.87,Zaragoza
21/01/2025,sudadera,ropa,50,135.25,Santander
04/01/2025,camiseta,ropa,34,217.66,Valencia
17/01/2025,pantalones,accesorios,91,69.81,Vigo
20/01/2025,pantalones,accesorios,38,201.31,Valencia
27/03/2025,sudadera,ropa,66,183.83,Logroño
07/01/2025,zapatillas deportivas,calzado,32,65.59,San Sebastián
08/02/2025,zapatillas deportivas,calzado,87,59.25,Valladolid
01/02/2025,pantalones,accesorios,24,237.81,Almería
07/03/2025,camiseta,ropa,88,29.93,Zaragoza
16/01/2025,zapatillas deportivas,calzado,30,64.26,Granada
05/03/2025,zapatillas casual,calzado,76,231.52,Barcelona
30/03/2025,reloj,accesorios,57,283.37,Pamplona
19/02/2025,camiseta,ropa,92,93.48,Santander
23/03/2025,bolso,accesorios,83,11.27,Oviedo
17/01/2025,pantalones,accesorios,90,297.17,Burgos
19/03/2025,zapatillas casual,calzado,47,11.32,Oviedo
03/03/2025,sudadera,ropa,74,299.14,Bilbao
01/01/2025,reloj,accesorios,22,246.95,Almería
29/03/2025,reloj,accesorios,43,71.32,Barcelona
30/01/2025,pantalones,accesorios,88,165.8,Logroño
16/01/2025,zapatillas deportivas,calzado,61,291.82,Bilbao
24/03/2025,reloj,accesorios,100,133.58,Madrid
19/03/2025,camiseta,ropa,82,174.24,Valencia
30/01/2025,zapatillas casual,calzado,49,268.12,Salamanca
30/01/2025,zapatillas casual,calzado,4,117.43,Málaga
18/01/2025,sudadera,ropa,80,269.47,Granada
02/02/2025,reloj,accesorios,26,53.23,Barcelona
05/01/2025,pantalones,accesorios,84,179.46,Madrid
17/03/2025,bolso,accesorios,47,90.77,Valladolid
04/01/2025,zapatillas deportivas,calzado,36,5.56,Sevilla
05/02/2025,bolso,accesorios,3,225.28,Valencia
09/02/2025,pantalones,accesorios,75,268.4,Valencia
24/02/2025,pantalones,accesorios,100,255.05,Oviedo
06/02/2025,pantalones,accesorios,30,193.58,Bilbao
30/03/2025,reloj,accesorios,71,5.5,Sevilla
17/02/2025,sudadera,ropa,25,134.65,Madrid
08/03/2025,camiseta,ropa,67,164.33,La Coruña
15/01/2025,zapatillas deportivas,calzado,6,115.31,Pamplona
02/02/2025,pantalones,accesorios,8,200.18,Sevilla
17/03/2025,bolso,accesorios,18,121.66,Madrid
26/03/2025,zapatillas deportivas,calzado,90,223.8,Almería
23/03/2025,sudadera,ropa,84,295.87,La Coruña
08/02/2025,pantalones,accesorios,22,240.84,Santander
15/02/2025,zapatillas casual,calzado,34,207.71,Barcelona
17/02/2025,sudadera,ropa,100,17.55,Málaga
03/03/2025,sudadera,ropa,44,172.91,Barcelona
11/01/2025,camiseta,ropa,78,292.66,Málaga
08/01/2025,camiseta,ropa,28,117.6,Almería
13/02/2025,pantalones,accesorios,48,114.52,Vigo
18/01/2025,bolso,accesorios,68,282.9,Valencia
06/01/2025,bolso,accesorios,94,75.45,Almería
26/01/2025,zapatillas deportivas,calzado,65,197.57,Murcia
28/01/2025,bolso,accesorios,29,71.74,Palma
18/03/2025,pantalones,accesorios,98,105.26,Alicante
08/02/2025,bolso,accesorios,96,234.8,Santander
27/01/2025,sudadera,ropa,4,99.46,Pamplona
06/02/2025,zapatillas casual,calzado,15,125.53,San Sebastián
07/03/2025,zapatillas deportivas,calzado,48,100.29,Almería
27/01/2025,zapatillas deportivas,calzado,68,235.62,Granada
04/02/2025,zapatillas casual,calzado,16,219.77,Madrid
29/01/2025,reloj,accesorios,86,93.98,León
27/01/2025,pantalones,accesorios,86,214.16,Santander
13/03/2025,camiseta,ropa,31,226.25,Córdoba
20/02/2025,reloj,accesorios,71,175.78,León
20/01/2025,sudadera,ropa,80,159.66,Palma
23/02/2025,zapatillas deportivas,calzado,10,31.48,Vigo
06/02/2025,zapatillas deportivas,calzado,95,283.58,Salamanca
31/01/2025,camiseta,ropa,10,245.68,Madrid
25/03/2025,zapatillas casual,calzado,45,250.41,Sevilla
20/02/2025,zapatillas casual,calzado,3,238.44,Zaragoza
02/03/2025,sudadera,ropa,95,272.84,Madrid
17/03/2025,reloj,accesorios,3,101.96,Alicante
20/02/2025,zapatillas deportivas,calzado,45,91.54,Logroño
17/03/2025,reloj,accesorios,91,182.5,Barcelona
24/03/2025,sudadera,ropa,65,103.32,Barcelona
02/01/2025,zapatillas deportivas,calzado,27,77.48,Logroño
14/01/2025,camiseta,ropa,85,256.85,Salamanca
19/01/2025,sudadera,ropa,46,22.21,Palma
28/03/2025,zapatillas deportivas,calzado,62,105.79,Almería
09/03/2025,zapatillas casual,calzado,47,103.16,Toledo
15/03/2025,zapatillas casual,calzado,58,34.06,Santander
05/01/2025,sudadera,ropa,96,82.58,La Coruña
23/01/2025,reloj,accesorios,41,294.7,Barcelona
12/01/2025,zapatillas casual,calzado,99,193.27,Valladolid
11/01/2025,camiseta,ropa,7,116.56,Palma
24/03/2025,camiseta,ropa,34,73.41,Valencia
28/01/2025,zapatillas deportivas,calzado,25,51.25,Valencia
03/02/2025,sudadera,ropa,90,260.61,Valladolid
26/03/2025,reloj,accesorios,38,92.11,Sevilla
03/01/2025,zapatillas deportivas,calzado,95,203.23,Burgos
14/02/2025,zapatillas deportivas,calzado,68,30.24,Málaga
12/01/2025,reloj,accesorios,26,213.94,Alicante
04/02/2025,sudadera,ropa,43,145.05,Málaga
20/02/2025,sudadera,ropa,58,23.75,Vigo
12/02/2025,zapatillas deportivas,calzado,35,223.04,Córdoba
24/01/2025,pantalones,accesorios,49,191.52,Sevilla
25/03/2025,zapatillas deportivas,calzado,96,46.02,Murcia
11/01/2025,bolso,accesorios,19,266.5,Córdoba
05/03/2025,bolso,accesorios,30,45.96,Santander
11/01/2025,bolso,accesorios,6,285.15,Almería
03/03/2025,zapatillas casual,calzado,71,192.52,Barcelona
05/03/2025,sudadera,ropa,32,137.37,Pamplona
07/01/2025,pantalones,accesorios,90,109.01,Toledo
16/01/2025,reloj,accesorios,95,278.56,Toledo
22/01/2025,bolso,accesorios,98,240.61,Sevilla
06/01/2025,camiseta,ropa,80,173.23,Barcelona
17/03/2025,bolso,accesorios,84,80.86,Santander
01/02/2025,pantalones,accesorios,10,279.03,Salamanca
02/01/2025,camiseta,ropa,10,224.45,Córdoba
29/03/2025,zapatillas deportivas,calzado,45,101.9,Alicante
16/03/2025,bolso,accesorios,42,13.31,Pamplona
15/01/2025,camiseta,ropa,79,90.7,Córdoba
02/02/2025,bolso,accesorios,8,159.53,León
30/03/2025,pantalones,accesorios,99,254.28,Málaga
23/01/2025,camiseta,ropa,5,68.89,Palma
25/02/2025,zapatillas casual,calzado,3,22.69,Granada
31/01/2025,reloj,accesorios,9,168.74,Córdoba
04/02/2025,zapatillas casual,calzado,1,277.33,Palma
26/01/2025,pantalones,accesorios,49,168.51,Pamplona
27/01/2025,sudadera,ropa,29,137.98,Toledo
16/02/2025,reloj,accesorios,67,59.43,Palma
27/01/2025,zapatillas casual,calzado,53,212.47,Barcelona
23/03/2025,zapatillas deportivas,calzado,73,269.71,Valencia
22/02/2025,pantalones,accesorios,1,16.27,León
03/01/2025,reloj,accesorios,91,24.84,La Coruña
14/03/2025,pantalones,accesorios,5,17.86,Bilbao
09/01/2025,sudadera,ropa,54,217.44,Murcia
11/02/2025,zapatillas deportivas,calzado,10,87.22,Salamanca
24/01/2025,zapatillas casual,calzado,65,111.26,Salamanca
13/03/2025,camiseta,ropa,76,294.46,Sevilla
06/03/2025,sudadera,ropa,83,261.55,Logroño
24/03/2025,reloj,accesorios,76,262.14,Palma
11/01/2025,sudadera,ropa,77,176.95,Toledo
20/01/2025,bolso,accesorios,4,159.68,Zaragoza
30/01/2025,reloj,accesorios,42,27.09,Bilbao
04/01/2025,bolso,accesorios,49,56.73,Burgos
23/01/2025,camiseta,ropa,82,279.48,Logroño
19/01/2025,reloj,accesorios,81,288.38,Bilbao
12/03/2025,sudadera,ropa,1,227.51,Oviedo
02/03/2025,reloj,accesorios,5,75.16,Málaga
05/02/2025,pantalones,accesorios,88,228.58,Granada
18/02/2025,bolso,accesorios,9,217.62,Salamanca
02/03/2025,zapatillas casual,calzado,98,257.72,Alicante
29/03/2025,sudadera,ropa,69,259.49,Córdoba
06/03/2025,zapatillas casual,calzado,96,45.25,San Sebastián
30/03/2025,zapatillas deportivas,calzado,43,179.72,Zaragoza
12/01/2025,zapatillas deportivas,calzado,23,285.67,Bilbao
31/01/2025,reloj,accesorios,9,279.15,Granada
17/02/2025,camiseta,ropa,34,187.25,Salamanca
24/01/2025,pantalones,accesorios,33,292.19,San Sebastián
04/02/2025,reloj,accesorios,94,299.8,Granada
24/03/2025,bolso,accesorios,19,8.3,Granada
01/02/2025,bolso,accesorios,69,178.1,Alicante
18/01/2025,zapatillas deportivas,calzado,31,176.07,Valladolid
30/01/2025,pantalones,accesorios,21,81.2,San Sebastián
05/02/2025,reloj,accesorios,79,181.01,Bilbao
29/03/2025,pantalones,accesorios,80,60.65,Pamplona
07/02/2025,zapatillas casual,calzado,19,244.6,Oviedo
15/02/2025,bolso,accesorios,94,223.03,Córdoba
04/03/2025,zapatillas deportivas,calzado,86,43.92,Vigo
11/02/2025,zapatillas deportivas,calzado,11,8.68,Valencia
26/03/2025,reloj,accesorios,69,132.72,Salamanca
14/02/2025,zapatillas deportivas,calzado,35,71.18,Santander
02/02/2025,camiseta,ropa,71,264.22,Córdoba
05/03/2025,camiseta,ropa,24,246.44,Bilbao
26/02/2025,pantalones,accesorios,84,99.5,Pamplona
09/02/2025,zapatillas casual,calzado,52,244.55,Málaga
17/02/2025,camiseta,ropa,8,152.83,Oviedo
12/02/2025,sudadera,ropa,5,105.76,Toledo
27/03/2025,bolso,accesorios,5,238.75,Palma
20/01/2025,pantalones,accesorios,55,112.4,Palma
18/03/2025,pantalones,accesorios,95,223.13,Alicante
10/01/2025,bolso,accesorios,78,207.81,Barcelona
25/01/2025,pantalones,accesorios,15,80.98,La Coruña
08/01/2025,sudadera,ropa,55,105.39,Logroño
07/01/2025,camiseta,ropa,60,89.83,Córdoba
20/03/2025,pantalones,accesorios,19,163.55,Almería
12/03/2025,bolso,accesorios,2,217.28,Almería
24/02/2025,sudadera,ropa,35,236.43,Córdoba
16/01/2025,camiseta,ropa,93,294.56,Logroño
07/03/2025,zapatillas deportivas,calzado,38,89.38,Murcia
15/02/2025,pantalones,accesorios,52,279.98,Burgos
20/01/2025,zapatillas casual,calzado,8,168.52,León
19/03/2025,zapatillas casual,calzado,95,21.31,La Coruña
18/03/2025,sudadera,ropa,47,103.0,Logroño
28/03/2025,zapatillas casual,calzado,14,229.69,Salamanca
02/01/2025,sudadera,ropa,15,232.62,Valladolid
11/01/2025,bolso,accesorios,28,151.37,Valladolid
23/01/2025,pantalones,accesorios,61,231.03,Valencia
16/01/2025,pantalones,accesorios,1,160.12,Vigo
23/02/2025,zapatillas deportivas,calzado,1,252.96,Málaga
02/01/2025,bolso,accesorios,29,108.82,Santander
23/01/2025,sudadera,ropa,27,206.15,Granada
20/01/2025,zapatillas deportivas,calzado,64,233.73,León
24/02/2025,pantalones,accesorios,20,40.31,Santander
12/03/2025,zapatillas deportivas,calzado,85,263.15,Toledo
13/01/2025,camiseta,ropa,70,298.24,Pamplona
16/01/2025,zapatillas casual,calzado,6,271.24,Pamplona
20/03/2025,zapatillas casual,calzado,16,110.51,Burgos
02/01/2025,bolso,accesorios,100,211.89,Toledo
15/03/2025,pantalones,accesorios,77,237.46,Salamanca
14/02/2025,reloj,accesorios,70,215.25,Logroño
26/03/2025,zapatillas casual,calzado,96,298.64,Málaga
14/02/2025,pantalones,accesorios,5,271.4,La Coruña
27/03/2025,sudadera,ropa,13,123.7,La Coruña
19/01/2025,camiseta,ropa,55,118.34,Santander
05/01/2025,zapatillas casual,calzado,72,266.9,Murcia
06/03/2025,sudadera,ropa,48,258.71,Almería
18/02/2025,pantalones,accesorios,15,240.39,Santander
07/01/2025,sudadera,ropa,24,120.41,Vigo
24/01/2025,bolso,accesorios,44,246.13,La Coruña
26/03/2025,sudadera,ropa,30,44.59,Pamplona
20/03/2025,reloj,accesorios,42,134.39,Valladolid
15/03/2025,zapatillas deportivas,calzado,39,190.72,Zaragoza
26/03/2025,reloj,accesorios,94,113.27,Logroño
15/03/2025,sudadera,ropa,80,136.61,Barcelona
07/01/2025,sudadera,ropa,64,240.29,Toledo
09/02/2025,zapatillas casual,calzado,45,261.66,Córdoba
10/02/2025,zapatillas deportivas,calzado,41,56.46,Oviedo
21/02/2025,bolso,accesorios,90,106.92,Logroño
04/01/2025,zapatillas casual,calzado,18,187.46,Málaga
09/02/2025,bolso,accesorios,6,294.96,Barcelona
22/03/2025,camiseta,ropa,65,83.78,Sevilla
20/02/2025,camiseta,ropa,9,24.43,Valencia
11/03/2025,pantalones,accesorios,84,57.79,Málaga
04/01/2025,sudadera,ropa,30,225.73,Zaragoza
24/02/2025,reloj,accesorios,37,295.35,La Coruña
03/03/2025,reloj,accesorios,3,296.84,Sevilla
25/03/2025,zapatillas casual,calzado,85,271.29,Oviedo
08/02/2025,bolso,accesorios,52,261.76,León
18/01/2025,reloj,accesorios,25,230.31,Salamanca
03/03/2025,zapatillas deportivas,calzado,58,182.55,Toledo
13/02/2025,reloj,accesorios,49,155.56,Oviedo
26/03/2025,zapatillas casual,calzado,12,248.79,La Coruña
10/02/2025,pantalones,accesorios,59,116.32,Bilbao
07/02/2025,zapatillas casual,calzado,77,180.41,León
18/01/2025,zapatillas casual,calzado,18,258.0,Valencia
04/01/2025,zapatillas deportivas,calzado,28,57.92,Granada
13/01/2025,zapatillas casual,calzado,96,109.83,Bilbao
14/01/2025,bolso,accesorios,69,188.08,Barcelona
14/03/2025,pantalones,accesorios,59,247.28,Santander
31/01/2025,bolso,accesorios,2,162.76,Valencia
10/02/2025,sudadera,ropa,25,284.31,Santander
13/02/2025,bolso,accesorios,78,92.76,Alicante
20/02/2025,reloj,accesorios,70,169.73,Oviedo
14/03/2025,bolso,accesorios,4,49.41,Toledo
11/01/2025,sudadera,ropa,69,232.54,Córdoba
04/03/2025,camiseta,ropa,37,280.03,León
04/02/2025,reloj,accesorios,37,179.64,La Coruña
12/01/2025,camiseta,ropa,6,97.14,Valencia
30/01/2025,sudadera,ropa,63,45.9,Bilbao
02/03/2025,sudadera,ropa,48,141.45,Madrid
23/01/2025,sudadera,ropa,43,281.83,Valladolid
09/01/2025,sudadera,ropa,63,230.58,San Sebastián
06/02/2025,zapatillas casual,calzado,100,64.75,Córdoba
06/03/2025,pantalones,accesorios,63,151.43,Valladolid
15/01/2025,pantalones,accesorios,89,254.83,Logroño
12/02/2025,zapatillas casual,calzado,60,80.62,Valencia
17/02/2025,zapatillas casual,calzado,50,18.11,Logroño
19/02/2025,zapatillas casual,calzado,71,8.61,Palma
23/02/2025,reloj,accesorios,78,284.09,Córdoba
09/03/2025,bolso,accesorios,15,211.95,Almería
05/03/2025,sudadera,ropa,7,91.83,Madrid
28/03/2025,pantalones,accesorios,32,76.53,Murcia
22/03/2025,sudadera,ropa,57,215.35,Pamplona
19/02/2025,zapatillas casual,calzado,54,94.49,Palma
15/02/2025,reloj,accesorios,2,257.62,Málaga
16/03/2025,pantalones,accesorios,25,297.49,Murcia
06/01/2025,zapatillas deportivas,calzado,6,86.78,Córdoba
20/03/2025,zapatillas casual,calzado,82,180.48,Santander
25/03/2025,pantalones,accesorios,56,283.28,Toledo
15/03/2025,sudadera,ropa,92,114.25,La Coruña
10/01/2025,zapatillas deportivas,calzado,80,231.81,La Coruña
16/01/2025,reloj,accesorios,91,146.58,Sevilla
03/03/2025,reloj,accesorios,46,184.69,Zaragoza
31/01/2025,pantalones,accesorios,67,238.16,Pamplona
26/01/2025,pantalones,accesorios,15,80.8,Palma
07/01/2025,camiseta,ropa,21,31.44,Pamplona
14/02/2025,sudadera,ropa,11,114.57,Pamplona
15/01/2025,camiseta,ropa,16,213.42,Alicante
26/03/2025,bolso,accesorios,94,180.38,Santander
21/03/2025,reloj,accesorios,1,107.07,Bilbao
01/02/2025,zapatillas deportivas,calzado,68,181.75,Sevilla
17/03/2025,pantalones,accesorios,60,53.84,Oviedo
08/02/2025,bolso,accesorios,42,168.86,Murcia
28/01/2025,sudadera,ropa,69,103.76,Valencia
26/02/2025,pantalones,accesorios,72,270.26,Barcelona
01/01/2025,bolso,accesorios,27,156.0,Palma
05/01/2025,camiseta,ropa,22,36.41,Granada
06/01/2025,bolso,accesorios,99,279.1,Toledo
08/02/2025,camiseta,ropa,83,287.9,Vigo
12/01/2025,zapatillas casual,calzado,57,154.04,San Sebastián
18/02/2025,zapatillas deportivas,calzado,75,26.22,Santander
14/02/2025,bolso,accesorios,51,156.97,Burgos
22/02/2025,sudadera,ropa,81,69.24,Córdoba
16/03/2025,pantalones,accesorios,19,252.82,Granada
18/02/2025,zapatillas casual,calzado,73,231.35,Murcia
25/01/2025,zapatillas casual,calzado,48,45.44,Oviedo
05/02/2025,bolso,accesorios,47,22.47,Murcia
21/02/2025,camiseta,ropa,34,77.14,Alicante
25/03/2025,bolso,accesorios,91,272.64,Vigo
18/02/2025,zapatillas casual,calzado,47,29.39,Murcia
16/03/2025,zapatillas casual,calzado,15,176.94,Sevilla
31/01/2025,zapatillas deportivas,calzado,1,223.6,Zaragoza
25/01/2025,zapatillas casual,calzado,78,234.09,León
23/02/2025,zapatillas deportivas,calzado,40,199.31,Santander
13/03/2025,reloj,accesorios,70,115.25,Oviedo
14/02/2025,camiseta,ropa,41,197.76,Valladolid
26/03/2025,zapatillas casual,calzado,43,116.58,Logroño
09/03/2025,zapatillas deportivas,calzado,54,184.5,Logroño
09/03/2025,sudadera,ropa,22,165.26,Almería
20/01/2025,zapatillas deportivas,calzado,63,221.06,San Sebastián
09/02/2025,zapatillas deportivas,calzado,64,267.88,Logroño
02/03/2025,camiseta,ropa,48,158.16,Palma
23/02/2025,pantalones,accesorios,11,260.67,Valladolid
04/03/2025,reloj,accesorios,20,244.3,Sevilla
22/03/2025,sudadera,ropa,4,46.9,Málaga
28/01/2025,sudadera,ropa,38,203.13,Murcia
16/02/2025,sudadera,ropa,87,238.42,Murcia
27/03/2025,zapatillas deportivas,calzado,48,153.25,Salamanca
10/03/2025,sudadera,ropa,92,187.75,Barcelona
08/02/2025,reloj,accesorios,78,181.39,Burgos
04/03/2025,sudadera,ropa,83,174.01,Salamanca
25/02/2025,reloj,accesorios,14,132.01,Valladolid
24/03/2025,bolso,accesorios,77,255.6,Valladolid
26/01/2025,reloj,accesorios,31,201.15,Alicante
21/02/2025,camiseta,ropa,30,228.48,Logroño
31/01/2025,sudadera,ropa,66,256.47,Oviedo
16/02/2025,sudadera,ropa,96,87.2,Valladolid
11/02/2025,zapatillas casual,calzado,78,17.21,Valladolid
04/02/2025,zapatillas deportivas,calzado,78,188.25,Burgos
20/01/2025,bolso,accesorios,90,237.21,Salamanca
30/03/2025,sudadera,ropa,13,215.99,Valladolid
04/03/2025,sudadera,ropa,22,221.01,Salamanca
25/02/2025,camiseta,ropa,16,205.48,Salamanca
25/02/2025,zapatillas deportivas,calzado,44,68.57,Vigo
16/01/2025,zapatillas casual,calzado,34,103.03,San Sebastián
27/02/2025,sudadera,ropa,79,273.89,Salamanca
03/02/2025,zapatillas casual,calzado,67,273.14,Bilbao
09/02/2025,bolso,accesorios,15,104.9,Oviedo
20/03/2025,camiseta,ropa,32,240.77,Palma
27/02/2025,zapatillas deportivas,calzado,43,238.15,Alicante
03/01/2025,sudadera,ropa,20,106.77,Alicante
17/02/2025,pantalones,accesorios,38,259.25,Oviedo
06/02/2025,sudadera,ropa,48,21.48,Pamplona
07/03/2025,pantalones,accesorios,49,157.02,Bilbao
03/03/2025,reloj,accesorios,83,289.45,León
31/01/2025,zapatillas casual,calzado,56,22.73,Burgos
12/01/2025,bolso,accesorios,53,78.73,Toledo
07/02/2025,reloj,accesorios,43,156.14,Salamanca
11/02/2025,reloj,accesorios,74,220.94,Pamplona
03/02/2025,pantalones,accesorios,27,8.86,Alicante
17/03/2025,camiseta,ropa,55,74.91,Toledo
09/02/2025,camiseta,ropa,36,59.63,Almería
18/03/2025,zapatillas casual,calzado,21,67.39,Oviedo
17/01/2025,pantalones,accesorios,17,85.42,Vigo
02/01/2025,reloj,accesorios,42,64.68,Salamanca
16/01/2025,sudadera,ropa,48,190.74,Alicante
09/03/2025,reloj,accesorios,17,160.95,Madrid
20/02/2025,camiseta,ropa,4,84.15,Alicante
30/01/2025,camiseta,ropa,83,259.68,Oviedo
01/03/2025,sudadera,ropa,11,249.8,León
21/02/2025,sudadera,ropa,20,191.17,Alicante
28/01/2025,sudadera,ropa,14,33.0,Valencia
19/02/2025,sudadera,ropa,42,218.81,La Coruña
09/03/2025,zapatillas deportivas,calzado,66,267.65,Alicante
01/03/2025,reloj,accesorios,20,247.12,Pamplona
30/01/2025,zapatillas casual,calzado,5,131.04,Logroño
21/02/2025,zapatillas deportivas,calzado,73,230.4,Palma
24/02/2025,camiseta,ropa,99,5.5,Alicante
23/01/2025,zapatillas deportivas,calzado,34,10.35,Bilbao
21/03/2025,pantalones,accesorios,25,157.43,Córdoba
09/03/2025,reloj,accesorios,48,207.18,Granada
14/01/2025,sudadera,ropa,36,289.43,Córdoba
07/01/2025,pantalones,accesorios,40,258.68,Valladolid
24/03/2025,sudadera,ropa,100,234.65,Vigo
05/01/2025,reloj,accesorios,97,204.05,Toledo
12/02/2025,zapatillas deportivas,calzado,32,125.64,Valencia
13/01/2025,sudadera,ropa,11,278.95,Salamanca
13/03/2025,zapatillas casual,calzado,76,90.94,Valladolid
28/03/2025,pantalones,accesorios,85,247.44,San Sebastián
25/03/2025,camiseta,ropa,69,243.66,Málaga
07/03/2025,zapatillas casual,calzado,32,234.2,Toledo
31/01/2025,bolso,accesorios,83,266.54,Zaragoza
24/03/2025,camiseta,ropa,49,245.78,Burgos
14/01/2025,pantalones,accesorios,23,248.37,Vigo
16/03/2025,zapatillas deportivas,calzado,4,175.01,Valencia
07/01/2025,pantalones,accesorios,16,33.68,Valladolid
17/03/2025,sudadera,ropa,62,127.4,Salamanca
08/01/2025,zapatillas casual,calzado,59,61.59,Santander
26/02/2025,pantalones,accesorios,15,216.67,Málaga
25/02/2025,bolso,accesorios,54,217.15,Murcia
24/03/2025,reloj,accesorios,97,172.84,Córdoba
31/01/2025,reloj,accesorios,5,94.57,Burgos
09/02/2025,reloj,accesorios,42,109.3,Vigo
05/01/2025,zapatillas casual,calzado,40,213.64,Almería
28/01/2025,pantalones,accesorios,23,296.79,Sevilla
03/03/2025,reloj,accesorios,42,144.1,Vigo
29/01/2025,zapatillas casual,calzado,100,116.53,Murcia
20/03/2025,sudadera,ropa,20,243.94,Almería
16/03/2025,sudadera,ropa,15,62.52,Pamplona
09/03/2025,reloj,accesorios,80,161.65,Málaga
03/02/2025,zapatillas casual,calzado,17,117.95,Córdoba
15/02/2025,reloj,accesorios,64,74.55,Valencia
10/02/2025,reloj,accesorios,20,106.07,Murcia
20/02/2025,zapatillas casual,calzado,50,132.83,Barcelona
27/02/2025,bolso,accesorios,98,271.34,Bilbao
26/01/2025,pantalones,accesorios,93,190.83,Zaragoza
15/02/2025,reloj,accesorios,81,12.49,Almería
22/03/2025,zapatillas casual,calzado,62,131.67,Salamanca
04/03/2025,zapatillas casual,calzado,57,194.08,Valladolid
05/03/2025,pantalones,accesorios,40,131.04,Logroño
11/03/2025,bolso,accesorios,59,11.59,Córdoba
23/03/2025,zapatillas casual,calzado,29,285.47,Santander
22/01/2025,zapatillas casual,calzado,11,151.96,Bilbao
28/02/2025,sudadera,ropa,35,288.98,Pamplona
10/03/2025,pantalones,accesorios,57,107.74,Murcia
22/02/2025,sudadera,ropa,19,201.94,Córdoba
06/01/2025,camiseta,ropa,27,249.04,León
20/02/2025,reloj,accesorios,73,43.89,Valencia
20/01/2025,sudadera,ropa,89,247.55,Alicante
19/01/2025,zapatillas deportivas,calzado,1,117.59,Valladolid
15/01/2025,zapatillas deportivas,calzado,5,187.84,Zaragoza
04/03/2025,pantalones,accesorios,99,275.02,Oviedo
27/01/2025,bolso,accesorios,82,260.15,Zaragoza
16/02/2025,zapatillas deportivas,calzado,57,66.87,Toledo
04/02/2025,camiseta,ropa,71,101.81,Valladolid
09/03/2025,zapatillas casual,calzado,19,106.31,Valencia
07/03/2025,camiseta,ropa,40,21.79,León
12/03/2025,zapatillas deportivas,calzado,90,108.22,Logroño
23/01/2025,camiseta,ropa,19,183.62,Santander
03/03/2025,reloj,accesorios,26,25.76,Toledo
19/01/2025,pantalones,accesorios,53,38.03,Granada
27/01/2025,camiseta,ropa,74,28.29,Madrid
29/03/2025,bolso,accesorios,27,289.24,Burgos
23/01/2025,camiseta,ropa,40,263.43,Madrid
03/02/2025,bolso,accesorios,78,72.98,Valencia
22/03/2025,pantalones,accesorios,73,287.99,Burgos
19/03/2025,zapatillas casual,calzado,85,191.88,La Coruña
15/03/2025,sudadera,ropa,78,219.29,Burgos
01/01/2025,reloj,accesorios,78,282.22,Logroño
17/02/2025,zapatillas deportivas,calzado,93,18.04,Málaga
23/01/2025,bolso,accesorios,8,16.34,Pamplona
16/01/2025,zapatillas deportivas,calzado,64,45.94,Almería
04/02/2025,reloj,accesorios,90,271.16,Madrid
12/02/2025,zapatillas deportivas,calzado,63,240.11,Burgos
28/03/2025,zapatillas deportivas,calzado,24,14.78,Vigo
04/03/2025,sudadera,ropa,29,289.91,Valladolid
02/02/2025,sudadera,ropa,22,203.6,Logroño
26/02/2025,camiseta,ropa,77,57.83,Salamanca
14/02/2025,sudadera,ropa,20,293.32,Burgos
14/01/2025,zapatillas deportivas,calzado,63,109.64,Valladolid
25/02/2025,zapatillas casual,calzado,15,52.18,Murcia
11/03/2025,zapatillas deportivas,calzado,36,49.68,Palma
21/01/2025,camiseta,ropa,30,35.37,La Coruña
13/02/2025,zapatillas deportivas,calzado,88,135.31,La Coruña
12/01/2025,zapatillas casual,calzado,90,48.63,La Coruña
14/02/2025,camiseta,ropa,76,61.35,Salamanca
22/02/2025,zapatillas deportivas,calzado,10,72.97,Almería
20/03/2025,camiseta,ropa,60,123.46,Santander
24/02/2025,reloj,accesorios,54,174.82,Valencia
29/03/2025,reloj,accesorios,58,179.08,Murcia
18/03/2025,zapatillas casual,calzado,59,162.3,Córdoba
04/01/2025,camiseta,ropa,79,269.4,Logroño
12/01/2025,pantalones,accesorios,55,19.48,Valencia
29/03/2025,sudadera,ropa,77,80.17,Palma
14/01/2025,sudadera,ropa,6,245.98,Granada
24/01/2025,bolso,accesorios,19,7.55,Madrid
22/01/2025,zapatillas casual,calzado,90,185.7,Bilbao
12/02/2025,reloj,accesorios,76,112.0,Valladolid
10/02/2025,zapatillas casual,calzado,10,175.73,Burgos
30/01/2025,camiseta,ropa,77,168.73,Málaga
20/02/2025,sudadera,ropa,32,188.24,Valencia
11/02/2025,reloj,accesorios,56,134.66,Sevilla
02/02/2025,reloj,accesorios,64,233.65,Sevilla
26/01/2025,reloj,accesorios,22,11.68,Pamplona
21/03/2025,camiseta,ropa,88,86.2,Almería
15/02/2025,bolso,accesorios,45,43.86,Pamplona
23/01/2025,reloj,accesorios,74,21.83,Granada
06/03/2025,sudadera,ropa,13,108.64,Barcelona
17/03/2025,sudadera,ropa,43,258.04,Sevilla
23/02/2025,reloj,accesorios,65,91.08,Salamanca
17/02/2025,sudadera,ropa,57,114.73,Valladolid
13/01/2025,zapatillas casual,calzado,60,17.86,Zaragoza
28/01/2025,bolso,accesorios,46,221.15,Zaragoza
06/03/2025,pantalones,accesorios,14,237.72,Oviedo
28/03/2025,camiseta,ropa,28,278.55,Burgos
22/02/2025,sudadera,ropa,40,158.5,Sevilla
29/01/2025,zapatillas casual,calzado,68,185.79,Málaga
10/03/2025,zapatillas casual,calzado,47,192.66,Oviedo
23/01/2025,sudadera,ropa,35,212.36,Toledo
17/01/2025,reloj,accesorios,77,239.63,Oviedo
20/03/2025,reloj,accesorios,11,194.55,Sevilla
15/03/2025,sudadera,ropa,49,95.39,Córdoba
10/02/2025,sudadera,ropa,77,186.1,Pamplona
29/03/2025,zapatillas deportivas,calzado,69,168.59,Valladolid
29/03/2025,sudadera,ropa,43,259.24,Vigo
29/01/2025,bolso,accesorios,68,72.27,Murcia
04/01/2025,pantalones,accesorios,98,98.91,Murcia
25/02/2025,camiseta,ropa,28,122.76,Pamplona
01/03/2025,reloj,accesorios,75,282.14,Vigo
11/01/2025,pantalones,accesorios,45,10.35,Vigo
07/02/2025,zapatillas casual,calzado,5,224.72,Toledo
22/03/2025,zapatillas deportivas,calzado,77,211.07,Bilbao
29/01/2025,bolso,accesorios,90,140.37,Granada
31/01/2025,reloj,accesorios,61,208.25,Vigo
12/01/2025,zapatillas deportivas,calzado,50,183.51,Valladolid
03/01/2025,zapatillas deportivas,calzado,78,174.01,Granada
08/01/2025,zapatillas casual,calzado,86,118.73,Murcia
10/03/2025,bolso,accesorios,69,178.08,Valladolid
14/03/2025,zapatillas casual,calzado,5,265.0,Almería
25/03/2025,zapatillas deportivas,calzado,44,235.92,Bilbao
03/01/2025,reloj,accesorios,98,119.36,Vigo
17/02/2025,camiseta,ropa,93,17.69,León
08/03/2025,bolso,accesorios,58,126.85,Sevilla
17/02/2025,zapatillas casual,calzado,99,39.07,La Coruña
21/02/2025,zapatillas casual,calzado,30,22.9,Murcia
09/03/2025,sudadera,ropa,70,243.04,Valencia
05/03/2025,zapatillas deportivas,calzado,54,229.04,Sevilla
17/01/2025,zapatillas deportivas,calzado,8,182.92,Valencia
25/02/2025,zapatillas deportivas,calzado,11,136.08,Valencia
12/02/2025,sudadera,ropa,44,34.73,León
08/02/2025,pantalones,accesorios,43,136.99,Pamplona
09/03/2025,zapatillas deportivas,calzado,54,30.01,Murcia
27/02/2025,bolso,accesorios,43,156.66,Madrid
19/02/2025,zapatillas deportivas,calzado,4,260.99,Valladolid
28/03/2025,bolso,accesorios,58,7.64,Valencia
03/02/2025,reloj,accesorios,47,64.88,Zaragoza
08/01/2025,camiseta,ropa,98,278.62,Salamanca
17/02/2025,reloj,accesorios,11,278.87,Santander
10/03/2025,bolso,accesorios,86,263.46,Zaragoza
10/01/2025,zapatillas casual,calzado,38,88.73,Córdoba
07/03/2025,zapatillas deportivas,calzado,87,155.33,Zaragoza
01/01/2025,reloj,accesorios,98,205.28,Alicante
15/03/2025,reloj,accesorios,98,258.91,Logroño
27/03/2025,zapatillas deportivas,calzado,59,142.51,Murcia
19/03/2025,sudadera,ropa,100,163.49,Oviedo
10/03/2025,sudadera,ropa,18,223.05,Valencia
16/01/2025,camiseta,ropa,98,120.57,Santander
13/01/2025,sudadera,ropa,68,227.26,Alicante
24/01/2025,reloj,accesorios,73,297.45,León
13/03/2025,zapatillas deportivas,calzado,82,289.61,Zaragoza
31/01/2025,zapatillas casual,calzado,19,131.27,León
29/03/2025,pantalones,accesorios,20,251.15,Almería
26/03/2025,bolso,accesorios,68,99.02,Málaga
09/01/2025,reloj,accesorios,66,72.66,Pamplona
05/01/2025,bolso,accesorios,63,280.38,Toledo
16/03/2025,sudadera,ropa,97,125.51,Barcelona
31/01/2025,zapatillas casual,calzado,85,85.33,San Sebastián
03/03/2025,bolso,accesorios,100,196.95,Granada
16/02/2025,sudadera,ropa,89,247.31,Zaragoza
15/03/2025,zapatillas deportivas,calzado,57,184.09,Valladolid
05/02/2025,reloj,accesorios,16,215.85,Burgos
01/02/2025,reloj,accesorios,100,271.69,Palma
27/01/2025,reloj,accesorios,2,5.65,La Coruña
17/02/2025,reloj,accesorios,15,38.32,Valencia
21/01/2025,sudadera,ropa,82,255.92,Barcelona
08/02/2025,zapatillas casual,calzado,42,50.37,Barcelona
19/01/2025,camiseta,ropa,16,98.62,Palma
18/01/2025,pantalones,accesorios,68,42.99,Sevilla
02/01/2025,sudadera,ropa,47,198.32,Zaragoza
22/02/2025,bolso,accesorios,96,239.89,Palma
06/01/2025,sudadera,ropa,46,218.92,Zaragoza
02/03/2025,zapatillas deportivas,calzado,68,156.23,Santander
20/03/2025,camiseta,ropa,50,285.27,Burgos
29/03/2025,zapatillas deportivas,calzado,61,10.01,Toledo
25/02/2025,sudadera,ropa,24,244.55,Valencia
17/03/2025,zapatillas casual,calzado,27,98.26,San Sebastián
02/02/2025,bolso,accesorios,71,221.32,Barcelona
24/03/2025,reloj,accesorios,12,176.74,Málaga
03/03/2025,sudadera,ropa,72,234.17,León
31/01/2025,zapatillas casual,calzado,17,198.71,Oviedo
19/01/2025,camiseta,ropa,60,299.09,Valladolid
22/01/2025,camiseta,ropa,36,244.55,Oviedo
20/03/2025,camiseta,ropa,55,253.11,Zaragoza
10/03/2025,reloj,accesorios,45,272.93,Palma
23/03/2025,zapatillas casual,calzado,72,114.1,Bilbao
11/03/2025,reloj,accesorios,40,72.4,Burgos
06/02/2025,zapatillas casual,calzado,9,39.69,Palma
03/01/2025,camiseta,ropa,99,83.94,Oviedo
05/02/2025,zapatillas casual,calzado,6,212.51,La Coruña
03/03/2025,zapatillas deportivas,calzado,88,160.14,Santander
26/02/2025,zapatillas casual,calzado,27,108.95,Córdoba
02/01/2025,zapatillas deportivas,calzado,34,260.52,Pamplona
09/01/2025,pantalones,accesorios,41,216.13,Barcelona
15/02/2025,zapatillas casual,calzado,31,191.22,Logroño
07/03/2025,reloj,accesorios,64,230.57,Palma
04/03/2025,bolso,accesorios,88,216.13,Santander
19/03/2025,bolso,accesorios,91,270.3,Oviedo
21/02/2025,sudadera,ropa,73,254.43,Oviedo
26/01/2025,sudadera,ropa,75,45.01,San Sebastián
03/01/2025,pantalones,accesorios,59,151.56,Toledo
22/02/2025,camiseta,ropa,85,223.03,Málaga
01/03/2025,sudadera,ropa,52,236.98,Pamplona
14/02/2025,zapatillas casual,calzado,6,86.12,Salamanca
11/03/2025,camiseta,ropa,17,87.05,Palma
24/01/2025,bolso,accesorios,17,13.16,Burgos
23/02/2025,reloj,accesorios,66,116.58,Granada
06/03/2025,pantalones,accesorios,32,182.08,Alicante
10/02/2025,pantalones,accesorios,73,38.26,Granada
28/02/2025,zapatillas casual,calzado,26,213.33,Salamanca
18/03/2025,zapatillas casual,calzado,35,257.21,Santander
15/02/2025,reloj,accesorios,91,226.91,San Sebastián
23/01/2025,sudadera,ropa,37,258.51,La Coruña
16/03/2025,zapatillas casual,calzado,45,105.49,Almería
26/03/2025,bolso,accesorios,88,293.28,Palma
01/02/2025,zapatillas casual,calzado,29,269.01,Oviedo
14/03/2025,zapatillas deportivas,calzado,2,97.51,Palma
07/03/2025,sudadera,ropa,50,181.42,León
12/01/2025,sudadera,ropa,58,109.2,San Sebastián
20/03/2025,sudadera,ropa,14,104.7,Córdoba
27/03/2025,camiseta,ropa,8,80.78,Sevilla
12/01/2025,camiseta,ropa,97,296.87,Madrid
23/03/2025,reloj,accesorios,8,103.06,Zaragoza
18/03/2025,sudadera,ropa,24,7.06,Alicante
24/01/2025,reloj,accesorios,7,93.36,Vigo
30/03/2025,camiseta,ropa,48,127.5,Almería
09/01/2025,sudadera,ropa,89,56.12,Valladolid
14/03/2025,camiseta,ropa,69,281.88,Pamplona
14/02/2025,zapatillas deportivas,calzado,24,268.54,Vigo
08/02/2025,reloj,accesorios,48,165.69,Murcia
16/01/2025,camiseta,ropa,9,87.68,Murcia
05/02/2025,zapatillas casual,calzado,6,280.48,Santander
25/02/2025,pantalones,accesorios,77,273.58,Valencia
08/01/2025,bolso,accesorios,1,127.13,Toledo
09/03/2025,reloj,accesorios,33,289.6,Málaga
17/02/2025,zapatillas casual,calzado,31,206.17,Palma
06/01/2025,zapatillas deportivas,calzado,55,223.33,Madrid
12/03/2025,pantalones,accesorios,67,183.31,Pamplona
25/02/2025,zapatillas deportivas,calzado,5,7.82,León
16/01/2025,zapatillas deportivas,calzado,16,101.01,Murcia
17/02/2025,zapatillas casual,calzado,93,126.85,Logroño
12/01/2025,reloj,accesorios,38,82.82,Alicante
13/02/2025,zapatillas deportivas,calzado,75,275.19,Valencia
04/03/2025,camiseta,ropa,52,75.54,Murcia
13/01/2025,sudadera,ropa,33,109.41,Córdoba
12/02/2025,pantalones,accesorios,66,253.23,Málaga
26/02/2025,pantalones,accesorios,93,200.14,Granada
17/01/2025,zapatillas casual,calzado,41,240.83,Córdoba
16/02/2025,sudadera,ropa,3,120.75,Alicante
28/01/2025,reloj,accesorios,25,53.03,León
05/02/2025,reloj,accesorios,74,237.69,Bilbao
31/01/2025,pantalones,accesorios,97,159.89,Santander
17/02/2025,zapatillas deportivas,calzado,27,81.56,Salamanca
01/03/2025,camiseta,ropa,56,33.4,Logroño
03/01/2025,zapatillas casual,calzado,64,273.92,Vigo
05/03/2025,bolso,accesorios,85,295.3,San Sebastián
06/03/2025,zapatillas deportivas,calzado,64,126.63,Toledo
23/01/2025,camiseta,ropa,17,222.31,Vigo
17/02/2025,zapatillas casual,calzado,97,236.25,Valladolid
17/03/2025,zapatillas casual,calzado,98,222.77,León
12/02/2025,bolso,accesorios,2,34.26,Málaga
16/02/2025,bolso,accesorios,82,222.89,Alicante
23/02/2025,sudadera,ropa,66,143.38,Vigo
20/01/2025,reloj,accesorios,38,215.14,Zaragoza
15/01/2025,pantalones,accesorios,68,296.74,Logroño
28/02/2025,bolso,accesorios,45,63.78,Alicante
01/01/2025,bolso,accesorios,33,115.16,Madrid
28/03/2025,sudadera,ropa,82,52.21,Madrid
14/03/2025,zapatillas deportivas,calzado,78,255.98,Valencia
14/01/2025,reloj,accesorios,24,294.34,Logroño
16/03/2025,reloj,accesorios,30,127.59,Málaga
06/02/2025,pantalones,accesorios,91,268.93,Granada
04/03/2025,bolso,accesorios,90,128.51,Madrid
20/01/2025,zapatillas deportivas,calzado,9,218.52,Oviedo
22/03/2025,zapatillas deportivas,calzado,98,294.06,Alicante
01/02/2025,zapatillas deportivas,calzado,36,139.14,Toledo
15/03/2025,bolso,accesorios,91,184.45,Toledo
06/01/2025,zapatillas deportivas,calzado,11,37.46,Salamanca
26/01/2025,pantalones,accesorios,14,22.77,Vigo
15/01/2025,bolso,accesorios,12,131.1,Palma
16/03/2025,bolso,accesorios,36,6.52,Málaga
21/01/2025,sudadera,ropa,31,11.36,Pamplona
23/02/2025,bolso,accesorios,14,236.69,Logroño
15/01/2025,reloj,accesorios,84,71.88,Pamplona
21/03/2025,zapatillas casual,calzado,1,246.4,Valencia
11/02/2025,zapatillas casual,calzado,87,157.92,San Sebastián
23/01/2025,zapatillas casual,calzado,34,107.21,Oviedo
07/01/2025,sudadera,ropa,49,299.15,Alicante
05/02/2025,sudadera,ropa,7,42.23,Valladolid
03/01/2025,bolso,accesorios,5,136.53,Alicante
19/02/2025,zapatillas deportivas,calzado,37,154.2,Bilbao
13/01/2025,camiseta,ropa,88,106.05,Pamplona
19/02/2025,sudadera,ropa,79,141.56,Zaragoza
04/02/2025,zapatillas deportivas,calzado,25,230.08,Córdoba
22/01/2025,zapatillas deportivas,calzado,24,200.93,Sevilla
31/01/2025,reloj,accesorios,12,251.76,Toledo
19/03/2025,sudadera,ropa,76,94.05,Murcia
18/03/2025,pantalones,accesorios,49,125.21,Vigo
11/03/2025,reloj,accesorios,62,30.3,Murcia
06/03/2025,zapatillas casual,calzado,1,81.16,Pamplona
10/03/2025,camiseta,ropa,23,281.11,Zaragoza
30/01/2025,zapatillas casual,calzado,83,196.37,Palma
08/01/2025,bolso,accesorios,81,23.29,Salamanca
04/02/2025,reloj,accesorios,88,166.4,Burgos
19/02/2025,pantalones,accesorios,73,88.58,La Coruña
14/01/2025,reloj,accesorios,73,32.55,Vigo
08/01/2025,zapatillas casual,calzado,60,213.98,Murcia
29/03/2025,zapatillas deportivas,calzado,46,212.99,Murcia
05/01/2025,zapatillas deportivas,calzado,58,26.37,Granada
15/01/2025,bolso,accesorios,99,70.78,Murcia
17/01/2025,sudadera,ropa,56,264.36,Logroño
12/02/2025,pantalones,accesorios,78,248.84,Córdoba
09/02/2025,camiseta,ropa,21,160.9,Córdoba
03/01/2025,pantalones,accesorios,67,201.46,Alicante
02/03/2025,sudadera,ropa,88,17.16,Bilbao
17/02/2025,pantalones,accesorios,21,279.86,Murcia
02/01/2025,camiseta,ropa,98,137.51,Valladolid
27/03/2025,bolso,accesorios,96,136.17,León
29/03/2025,bolso,accesorios,9,207.8,Almería
12/02/2025,pantalones,accesorios,72,57.45,Alicante
05/02/2025,pantalones,accesorios,77,63.33,Madrid
31/01/2025,zapatillas deportivas,calzado,76,19.31,Oviedo
23/03/2025,zapatillas casual,calzado,75,240.5,Granada
21/01/2025,zapatillas casual,calzado,85,189.01,Málaga
06/03/2025,zapatillas deportivas,calzado,10,185.83,Málaga
02/02/2025,camiseta,ropa,35,276.09,Pamplona
11/01/2025,camiseta,ropa,71,164.26,Córdoba
27/01/2025,bolso,accesorios,39,39.15,Valladolid
01/03/2025,bolso,accesorios,36,291.64,Madrid
02/01/2025,zapatillas deportivas,calzado,88,180.34,Málaga
24/02/2025,zapatillas deportivas,calzado,71,182.0,Burgos
19/02/2025,zapatillas deportivas,calzado,38,94.12,Oviedo
18/01/2025,camiseta,ropa,75,170.48,Santander
15/03/2025,camiseta,ropa,4,245.17,Burgos
10/02/2025,reloj,accesorios,91,11.64,Granada
22/02/2025,reloj,accesorios,58,117.11,Murcia
16/03/2025,sudadera,ropa,51,293.48,La Coruña
01/03/2025,zapatillas casual,calzado,97,11.77,Barcelona
03/02/2025,camiseta,ropa,77,17.53,Burgos
04/03/2025,zapatillas casual,calzado,81,116.44,Alicante
22/01/2025,bolso,accesorios,73,274.07,La Coruña
17/02/2025,bolso,accesorios,93,37.83,Granada
29/01/2025,sudadera,ropa,71,21.67,Valladolid
11/03/2025,sudadera,ropa,6,257.79,Barcelona
10/03/2025,zapatillas casual,calzado,99,270.2,León
07/01/2025,zapatillas deportivas,calzado,17,259.49,San Sebastián
25/01/2025,bolso,accesorios,33,75.02,Valladolid
27/02/2025,zapatillas deportivas,calzado,36,5.67,Logroño
07/03/2025,reloj,accesorios,99,194.69,Málaga
02/03/2025,zapatillas casual,calzado,12,78.61,San Sebastián
16/02/2025,zapatillas casual,calzado,97,68.24,Vigo
05/02/2025,bolso,accesorios,31,262.4,Sevilla
29/03/2025,zapatillas deportivas,calzado,11,24.61,Burgos
29/01/2025,reloj,accesorios,12,14.45,Burgos
11/02/2025,sudadera,ropa,66,72.77,Salamanca
24/01/2025,reloj,accesorios,10,232.36,La Coruña
21/01/2025,camiseta,ropa,18,184.78,Zaragoza
08/02/2025,reloj,accesorios,8,179.71,San Sebastián
22/02/2025,zapatillas casual,calzado,56,44.99,Málaga
04/03/2025,reloj,accesorios,7,61.79,Oviedo
12/02/2025,pantalones,accesorios,79,260.25,Málaga
14/01/2025,zapatillas casual,calzado,11,144.6,Burgos
24/03/2025,reloj,accesorios,93,31.87,Madrid
15/02/2025,reloj,accesorios,83,184.29,Zaragoza
05/02/2025,bolso,accesorios,25,16.87,Barcelona
07/03/2025,sudadera,ropa,52,283.35,Zaragoza
21/01/2025,zapatillas casual,calzado,17,17.73,Toledo
28/01/2025,sudadera,ropa,83,238.34,Córdoba
26/03/2025,camiseta,ropa,26,219.71,Córdoba
05/01/2025,zapatillas deportivas,calzado,40,12.01,Alicante
13/03/2025,sudadera,ropa,14,252.46,San Sebastián
08/03/2025,pantalones,accesorios,61,102.64,La Coruña
01/02/2025,pantalones,accesorios,14,97.93,Barcelona
06/01/2025,pantalones,accesorios,97,100.48,Pamplona
29/01/2025,bolso,accesorios,20,50.77,Granada
14/02/2025,bolso,accesorios,75,177.06,Santander
03/01/2025,pantalones,accesorios,54,132.71,Bilbao
29/03/2025,sudadera,ropa,91,113.95,Valladolid
25/01/2025,zapatillas casual,calzado,49,221.67,Burgos
05/02/2025,zapatillas deportivas,calzado,15,185.23,Vigo
06/03/2025,pantalones,accesorios,25,296.49,Oviedo
18/03/2025,camiseta,ropa,33,178.07,Barcelona
22/01/2025,sudadera,ropa,39,11.83,Granada
01/02/2025,sudadera,ropa,100,248.64,Vigo
22/01/2025,reloj,accesorios,13,172.1,Córdoba
03/03/2025,zapatillas casual,calzado,52,98.36,Valladolid
16/01/2025,pantalones,accesorios,28,205.44,La Coruña
26/03/2025,bolso,accesorios,76,170.5,Santander
17/03/2025,zapatillas casual,calzado,50,30.92,Alicante
15/01/2025,reloj,accesorios,16,36.34,Palma
01/02/2025,reloj,accesorios,89,15.68,Córdoba
19/03/2025,sudadera,ropa,71,126.36,Logroño
27/03/2025,bolso,accesorios,84,56.47,Barcelona
06/01/2025,zapatillas deportivas,calzado,59,188.19,San Sebastián
31/01/2025,reloj,accesorios,23,41.07,Pamplona
17/01/2025,reloj,accesorios,17,191.12,La Coruña
23/03/2025,reloj,accesorios,77,186.54,Palma
02/03/2025,zapatillas casual,calzado,17,257.24,Barcelona
04/03/2025,zapatillas deportivas,calzado,96,63.87,Granada
23/02/2025,camiseta,ropa,75,174.55,Toledo
09/02/2025,bolso,accesorios,25,50.99,Málaga
06/03/2025,camiseta,ropa,27,63.38,Logroño
13/03/2025,zapatillas deportivas,calzado,73,125.8,Valencia
02/01/2025,bolso,accesorios,81,79.63,Logroño
27/02/2025,reloj,accesorios,75,245.67,Murcia
23/03/2025,bolso,accesorios,49,266.95,Bilbao
26/02/2025,zapatillas deportivas,calzado,14,158.42,León
13/03/2025,camiseta,ropa,8,109.32,Salamanca
08/03/2025,camiseta,ropa,71,65.76,Oviedo
20/03/2025,camiseta,ropa,16,41.32,Zaragoza
06/01/2025,zapatillas casual,calzado,14,153.67,Almería
25/02/2025,bolso,accesorios,29,201.85,Toledo
08/03/2025,zapatillas deportivas,calzado,51,239.15,Palma
05/03/2025,zapatillas casual,calzado,64,272.03,Zaragoza
18/03/2025,camiseta,ropa,66,258.41,Pamplona
28/01/2025,sudadera,ropa,44,241.68,Granada
07/01/2025,zapatillas casual,calzado,100,126.13,Salamanca
24/02/2025,reloj,accesorios,97,285.54,Oviedo
13/01/2025,sudadera,ropa,17,129.57,Vigo
23/02/2025,zapatillas casual,calzado,35,164.83,Bilbao
24/03/2025,zapatillas deportivas,calzado,26,98.09,Valencia
28/02/2025,reloj,accesorios,59,164.91,Logroño
10/03/2025,reloj,accesorios,85,296.74,Alicante
03/03/2025,bolso,accesorios,70,42.48,Valladolid
17/03/2025,reloj,accesorios,68,229.68,Barcelona
23/02/2025,pantalones,accesorios,78,108.25,Salamanca
09/01/2025,reloj,accesorios,32,23.71,Almería
06/03/2025,camiseta,ropa,63,263.05,Murcia
21/03/2025,zapatillas deportivas,calzado,81,241.27,Bilbao
11/02/2025,camiseta,ropa,5,137.79,Valladolid
20/03/2025,zapatillas deportivas,calzado,81,7.95,Barcelona
07/01/2025,zapatillas deportivas,calzado,3,288.58,Vigo
28/02/2025,camiseta,ropa,64,177.84,Santander
04/03/2025,zapatillas casual,calzado,23,252.33,Sevilla
15/01/2025,camiseta,ropa,29,261.48,Sevilla
06/03/2025,reloj,accesorios,25,288.94,Toledo
04/03/2025,camiseta,ropa,5,103.4,Sevilla
01/03/2025,sudadera,ropa,94,110.97,Córdoba
07/01/2025,pantalones,accesorios,73,249.68,Burgos
06/03/2025,sudadera,ropa,88,192.26,Córdoba
16/02/2025,sudadera,ropa,27,242.14,San Sebastián
16/01/2025,reloj,accesorios,19,135.21,Pamplona
15/01/2025,zapatillas casual,calzado,32,118.95,Murcia
08/02/2025,zapatillas deportivas,calzado,74,221.95,Granada
13/02/2025,zapatillas deportivas,calzado,7,242.09,León
05/03/2025,camiseta,ropa,20,262.97,Barcelona
11/01/2025,reloj,accesorios,72,206.75,Zaragoza
10/03/2025,reloj,accesorios,65,227.21,Bilbao
22/02/2025,pantalones,accesorios,76,179.73,Toledo
23/01/2025,zapatillas deportivas,calzado,91,66.2,Palma
24/01/2025,bolso,accesorios,16,96.94,Bilbao
10/03/2025,zapatillas casual,calzado,79,155.61,Madrid
14/03/2025,camiseta,ropa,30,14.92,Bilbao
25/01/2025,bolso,accesorios,82,169.07,Oviedo
21/01/2025,bolso,accesorios,86,178.45,Barcelona
05/02/2025,camiseta,ropa,58,177.32,Vigo
09/03/2025,bolso,accesorios,97,28.35,Toledo
24/02/2025,camiseta,ropa,57,274.87,Santander
03/02/2025,sudadera,ropa,91,243.42,León
09/03/2025,sudadera,ropa,21,155.33,Valladolid
05/01/2025,sudadera,ropa,90,16.24,Logroño
14/03/2025,zapatillas casual,calzado,60,255.66,Zaragoza
19/02/2025,bolso,accesorios,77,271.26,La Coruña
15/03/2025,pantalones,accesorios,78,197.43,Alicante
18/01/2025,pantalones,accesorios,67,162.19,San Sebastián
30/03/2025,zapatillas casual,calzado,44,181.88,Santander
09/02/2025,bolso,accesorios,39,91.85,Zaragoza
10/02/2025,sudadera,ropa,84,48.69,Sevilla
21/01/2025,pantalones,accesorios,42,111.08,Toledo
24/03/2025,zapatillas casual,calzado,15,251.76,Salamanca
25/01/2025,zapatillas deportivas,calzado,93,133.21,Barcelona
19/03/2025,zapatillas casual,calzado,59,295.13,Valladolid
29/03/2025,zapatillas casual,calzado,20,262.2,Bilbao
26/03/2025,pantalones,accesorios,28,72.85,San Sebastián
08/03/2025,zapatillas deportivas,calzado,19,209.84,Salamanca
10/02/2025,sudadera,ropa,98,66.71,Salamanca
05/02/2025,zapatillas casual,calzado,76,169.82,Granada
08/02/2025,camiseta,ropa,34,229.71,Alicante
09/02/2025,reloj,accesorios,95,155.1,La Coruña
17/02/2025,zapatillas deportivas,calzado,25,289.45,Oviedo
07/01/2025,pantalones,accesorios,92,295.7,Santander
11/02/2025,camiseta,ropa,95,192.98,Sevilla
13/01/2025,sudadera,ropa,58,292.49,Málaga
15/03/2025,camiseta,ropa,15,261.16,Burgos
11/01/2025,zapatillas casual,calzado,74,245.02,Alicante
09/03/2025,zapatillas deportivas,calzado,1,256.11,Alicante
25/03/2025,bolso,accesorios,94,294.53,Toledo
13/02/2025,sudadera,ropa,86,139.43,Palma
10/01/2025,pantalones,accesorios,3,31.45,Madrid
16/02/2025,reloj,accesorios,16,21.14,San Sebastián
04/02/2025,zapatillas casual,calzado,7,294.69,Málaga
13/03/2025,zapatillas deportivas,calzado,32,275.87,Córdoba
27/01/2025,camiseta,ropa,95,212.19,Murcia
17/02/2025,zapatillas deportivas,calzado,90,246.3,Valladolid
10/02/2025,bolso,accesorios,59,254.95,Valencia
17/01/2025,pantalones,accesorios,62,173.87,La Coruña
11/01/2025,reloj,accesorios,9,242.91,Toledo
04/01/2025,zapatillas casual,calzado,22,231.42,La Coruña
28/02/2025,reloj,accesorios,6,5.52,Zaragoza
19/01/2025,bolso,accesorios,16,171.93,San Sebastián
17/03/2025,zapatillas deportivas,calzado,92,131.52,Palma
24/03/2025,zapatillas casual,calzado,31,144.39,Granada
14/03/2025,bolso,accesorios,97,212.02,Salamanca
24/01/2025,bolso,accesorios,100,34.08,Barcelona
31/01/2025,pantalones,accesorios,56,200.14,Almería
13/01/2025,zapatillas casual,calzado,4,14.49,Murcia
14/01/2025,pantalones,accesorios,84,248.53,Valladolid
25/01/2025,reloj,accesorios,14,275.75,Alicante
08/01/2025,sudadera,ropa,75,159.13,Toledo
05/02/2025,zapatillas deportivas,calzado,26,232.4,Sevilla
27/01/2025,camiseta,ropa,82,269.33,Oviedo
23/01/2025,zapatillas casual,calzado,29,135.86,Barcelona
17/01/2025,camiseta,ropa,55,145.26,La Coruña
05/02/2025,camiseta,ropa,81,248.41,Almería
27/03/2025,reloj,accesorios,91,282.27,La Coruña
12/03/2025,bolso,accesorios,85,165.9,Logroño
10/02/2025,sudadera,ropa,69,139.3,Málaga
09/03/2025,zapatillas deportivas,calzado,7,120.52,Barcelona
19/03/2025,zapatillas casual,calzado,28,44.6,Córdoba
01/03/2025,bolso,accesorios,49,9.56,Málaga
05/02/2025,zapatillas deportivas,calzado,61,94.7,Vigo
19/02/2025,camiseta,ropa,54,200.01,Palma
10/02/2025,pantalones,accesorios,26,112.37,Córdoba
26/02/2025,reloj,accesorios,25,213.34,Vigo
25/02/2025,pantalones,accesorios,35,200.34,Valencia
21/01/2025,camiseta,ropa,57,124.29,Pamplona
10/02/2025,zapatillas casual,calzado,56,74.97,Vigo
27/01/2025,zapatillas deportivas,calzado,92,183.94,La Coruña
20/02/2025,camiseta,ropa,58,270.89,Málaga
08/01/2025,camiseta,ropa,73,91.19,Alicante
12/01/2025,zapatillas deportivas,calzado,9,113.71,Málaga
05/01/2025,sudadera,ropa,52,217.58,Almería
15/01/2025,zapatillas casual,calzado,90,94.18,Almería
19/01/2025,sudadera,ropa,48,202.64,Pamplona
27/01/2025,camiseta,ropa,4,27.72,Córdoba
28/03/2025,bolso,accesorios,15,243.91,Zaragoza
03/01/2025,camiseta,ropa,60,123.48,Valencia
10/02/2025,pantalones,accesorios,73,192.13,Palma
10/01/2025,reloj,accesorios,63,167.39,Logroño
05/02/2025,bolso,accesorios,16,299.75,Granada
28/01/2025,zapatillas casual,calzado,99,192.92,Valladolid
